{"cameraMode":{"drawMode":0,"name":"Shaded","section":"Shading Mode"},"sceneLighting":true,"audioPlay":false,"sceneViewState":{"m_AlwaysRefresh":false,"showFog":true,"showSkybox":true,"showFlares":true,"showImageEffects":true,"showParticleSystems":true,"showVisualEffectGraphs":true,"m_FxEnabled":true},"in2DMode":false,"pivot":{"x":10.880661964416504,"y":2.9981703758239748,"z":-6.795380592346191},"rotation":{"x":-0.03075154311954975,"y":-0.9532952904701233,"z":0.10582319647073746,"w":-0.28177034854888918},"size":1.1660254001617432,"orthographic":false}