{"cameraMode":{"drawMode":0,"name":"Shaded","section":"Shading Mode"},"sceneLighting":true,"audioPlay":false,"sceneViewState":{"m_AlwaysRefresh":false,"showFog":true,"showSkybox":true,"showFlares":true,"showImageEffects":true,"showParticleSystems":true,"showVisualEffectGraphs":true,"m_FxEnabled":true},"in2DMode":false,"pivot":{"x":4.050729274749756,"y":1.9416993856430054,"z":-2.335968017578125},"rotation":{"x":-0.020063243806362153,"y":0.9797359108924866,"z":-0.15107956528663636,"w":-0.13008087873458863},"size":1.0790274143218995,"orthographic":false}