{"cameraMode":{"drawMode":0,"name":"Shaded","section":"Shading Mode"},"sceneLighting":true,"audioPlay":false,"sceneViewState":{"m_AlwaysRefresh":false,"showFog":true,"showSkybox":true,"showFlares":true,"showImageEffects":true,"showParticleSystems":true,"showVisualEffectGraphs":true,"m_FxEnabled":true},"in2DMode":false,"pivot":{"x":16.765764236450197,"y":1.6309518814086915,"z":-23.89714813232422},"rotation":{"x":0.4898209869861603,"y":-0.5079944729804993,"z":0.5308631658554077,"w":0.46955740451812746},"size":2.6145923137664797,"orthographic":false}