{"cameraMode":{"drawMode":0,"name":"Shaded","section":"Shading Mode"},"sceneLighting":true,"audioPlay":false,"sceneViewState":{"m_AlwaysRefresh":false,"showFog":true,"showSkybox":true,"showFlares":true,"showImageEffects":true,"showParticleSystems":true,"showVisualEffectGraphs":true,"m_FxEnabled":true},"in2DMode":false,"pivot":{"x":-0.09530699253082276,"y":0.05193287134170532,"z":0.1384654939174652},"rotation":{"x":0.031143171712756158,"y":-0.9685016870498657,"z":0.18776965141296388,"w":0.16068100929260255},"size":1.1417508125305176,"orthographic":false}