{"cameraMode":{"drawMode":0,"name":"Shaded","section":"Shading Mode"},"sceneLighting":true,"audioPlay":false,"sceneViewState":{"m_AlwaysRefresh":false,"showFog":true,"showSkybox":true,"showFlares":true,"showImageEffects":true,"showParticleSystems":true,"showVisualEffectGraphs":true,"m_FxEnabled":true},"in2DMode":false,"pivot":{"x":8.008570671081543,"y":1.6201106309890748,"z":-9.418088912963868},"rotation":{"x":0.15443992614746095,"y":0.6350589990615845,"z":-0.13674668967723847,"w":0.7452895045280457},"size":0.7348470687866211,"orthographic":false}