{"cameraMode":{"drawMode":0,"name":"Shaded","section":"Shading Mode"},"sceneLighting":true,"audioPlay":false,"sceneViewState":{"m_AlwaysRefresh":false,"showFog":true,"showSkybox":true,"showFlares":true,"showImageEffects":true,"showParticleSystems":true,"showVisualEffectGraphs":true,"m_FxEnabled":true},"in2DMode":false,"pivot":{"x":30.67344856262207,"y":-11.697978019714356,"z":42.99324035644531},"rotation":{"x":0.16673646867275239,"y":-0.1495600938796997,"z":0.025658071041107179,"w":0.9743226766586304},"size":29.827510833740236,"orthographic":false}