{"cameraMode":{"drawMode":0,"name":"Shaded","section":"Shading Mode"},"sceneLighting":true,"audioPlay":false,"sceneViewState":{"m_AlwaysRefresh":false,"showFog":true,"showSkybox":true,"showFlares":true,"showImageEffects":true,"showParticleSystems":true,"showVisualEffectGraphs":true,"m_FxEnabled":true},"in2DMode":false,"pivot":{"x":20.679542541503908,"y":-11.171520233154297,"z":-42.700965881347659},"rotation":{"x":-0.006494469940662384,"y":0.988010048866272,"z":-0.14871031045913697,"w":-0.042692963033914569},"size":21.587032318115236,"orthographic":false}