{"cameraMode":{"drawMode":0,"name":"Shaded","section":"Shading Mode"},"sceneLighting":true,"audioPlay":false,"sceneViewState":{"m_AlwaysRefresh":false,"showFog":true,"showSkybox":true,"showFlares":true,"showImageEffects":true,"showParticleSystems":true,"showVisualEffectGraphs":true,"m_FxEnabled":true},"in2DMode":false,"pivot":{"x":44.137386322021487,"y":-3.3293800354003908,"z":-53.643367767333987},"rotation":{"x":0.0016881180927157403,"y":0.9843703508377075,"z":-0.17607514560222627,"w":0.009105976670980454},"size":14.137847900390625,"orthographic":false}