{"cameraMode":{"drawMode":0,"name":"Shaded","section":"Shading Mode"},"sceneLighting":false,"audioPlay":false,"sceneViewState":{"m_AlwaysRefresh":false,"showFog":true,"showSkybox":false,"showFlares":true,"showImageEffects":true,"showParticleSystems":true,"showVisualEffectGraphs":true,"m_FxEnabled":true},"in2DMode":false,"pivot":{"x":0.7956233024597168,"y":1.0462305545806885,"z":-4.896420955657959},"rotation":{"x":-0.00682598864659667,"y":0.11677716672420502,"z":-0.0010696786921471358,"w":-0.9932375550270081},"size":1.7554570436477662,"orthographic":false}