{"cameraMode":{"drawMode":0,"name":"Shaded","section":"Shading Mode"},"sceneLighting":false,"audioPlay":false,"sceneViewState":{"m_AlwaysRefresh":false,"showFog":true,"showSkybox":false,"showFlares":true,"showImageEffects":true,"showParticleSystems":true,"showVisualEffectGraphs":true,"m_FxEnabled":true},"in2DMode":false,"pivot":{"x":0.5134941935539246,"y":0.5029516816139221,"z":-3.3498706817626955},"rotation":{"x":-0.00682598864659667,"y":0.11677716672420502,"z":-0.0010696786921471358,"w":-0.9932375550270081},"size":0.7013144493103027,"orthographic":false}